De Jour;Adam;Adam.De Jour@rochefourchat.com
Labèche;Amel;Amel.Labèche@rochefourchat.com
Plutoutessatete;Anna;Anna.Plutoutessatete@rochefourchat.com
Male;Annie;Annie.Male@rochefourchat.com
Soitil;Benny;Benny.Soitil@rochefourchat.com
Minie;Cathy;Cathy.Minie@rochefourchat.com
Dereck;Tom;Tom.Dereck@rochefourchat.com
Sens;Renée;Renée.Sens@rochefourchat.com
Amploi;Paul;Paul.Amploi@rochefourchat.com
Début;Jean-Marc;Jean-Marc.Début@rochefourchat.com
Coupee;Henriette;Henriette.Coupee@rochefourchat.com
Vigote;Sarah;Sarah.Vigote@rochefourchat.com
Xeption;Alex;Alex.Xeption@rochefourchat.com
Vojambon;Andy;Andy.Vojambon@rochefourchat.com
Oie;Bart;Bart.Oie@rochefourchat.com
Christ;Alain;Alain.Christ@rochefourchat.com
Rable;Daisy;Daisy.Rable@rochefourchat.com
Técenfote;Dick;Dick.Técenfote@rochefourchat.com
Fils;Lorie;Lorie.Fils@rochefourchat.com
Javel;Aude;Aude.Javel@rochefourchat.com
Patamob;Alphonse;Alphonse.Patamob@rochefourchat.com
Kilo;Sandy;Sandy.Kilo@rochefourchat.com
Kanne;Jerry;Jerry.Kanne@rochefourchat.com
Dé;Bonnie;Bonnie.Dé@rochefourchat.com
Diote;Kelly;Kelly.Diote@rochefourchat.com
Balle;Jean;Jean.Balle@rochefourchat.com
Houche;Jacques;Jacques.Houche@rochefourchat.com
Bambelle;Larry;Larry.Bambelle@rochefourchat.com
Pote;Jessica;Jessica.Pote@rochefourchat.com
Fiant;Eddy;Eddy.Fiant@rochefourchat.com
Proviste;Alain;Alain.Proviste@rochefourchat.com
Lémir;Abel;Abel.Lémir@rochefourchat.com
Labrosse;Adam;Adam.Labrosse@rochefourchat.com
Deuf;John;John.Deuf@rochefourchat.com
Halord;Ahmed;Ahmed.Halord@rochefourchat.com
Voyant;Claire;Claire.Voyant@rochefourchat.com
Lemental;Debbie;Debbie.Lemental@rochefourchat.com
Toir;Théodore;Théodore.Toir@rochefourchat.com
Mensoif;Gérard;Gérard.Mensoif@rochefourchat.com
